source host,trip_plan_id,name,location_name,num places,source_url
www.thrillist.com,3920832248803901,The 8 best clubs in Berlin,Berlin,7,http://www.thrillist.com/drink/berlin/berlin-s-best-clubs
www.thrillist.com,4396850262147917,Toronto's best new restaurant openings. Period.,Toronto,7,http://www.thrillist.com/eat/toronto/the-best-new-restaurants-in-toronto-toronto-s-best-new-restaurant-openings-period
www.thrillist.com,3228298215309602,8 new Berlin restaurants that'll rock 2014,Berlin,8,http://www.thrillist.com/eat/berlin/new-restaurants-in-berlin-8-most-anticipated-winter-openings
www.thrillist.com,1375529693791852,"The top 13 places for fried chicken in LA, as chosen by 8 LA food writers",Los Angeles,13,http://www.thrillist.com/eat/los-angeles/beverly-hills/best-la-fried-chicken-honeys-kettle-plan-check-more
www.thrillist.com,3448980704880151,The 8 best BBQ spots in SF,San Francisco,8,http://www.thrillist.com/eat/san-francisco/best-bbq-sf
www.thrillist.com,3724181922464321,The 10 best burger spots in Paris's changing food scene,Paris,10,http://www.thrillist.com/eat/paris/paris-gourmet-burgers-top-10-paris-gourmet-burger-spots
www.thrillist.com,2133091120058148,10 baller buffets to enjoy and enjoy and... enjoy,Washington,5,http://www.thrillist.com/eat/washington-dc/the-best-all-you-can-eat-buffets-in-dc-thrillist-washington-dc
www.thrillist.com,2250588396715429,Amsterdam's 10 hottest new bar & restaurant openings,Amsterdam,10,http://www.thrillist.com/eat/amsterdam/amsterdam-s-hottest-new-bar-and-restaurant-openings
www.thrillist.com,2006112179527335,The 8 best sports bars in Boston for March Madness,Boston,8,http://www.thrillist.com/drink/boston/fenway-kenmore/the-8-best-sports-bars-in-boston-thrillist-boston
www.thrillist.com,3406915081171252,NYC's 9 best donut shops,New York,9,http://www.thrillist.com/eat/new-york/best-nyc-donuts
www.thrillist.com,3574135666843452,The 8 best donut shops in San Francisco,San Francisco,8,http://www.thrillist.com/eat/san-francisco/inner-richmond/best-sf-donut-shops
www.thrillist.com,1049081422457521,The 8 coolest bars in Amsterdam,Amsterdam,9,http://www.thrillist.com/drink/amsterdam/the-8-coolest-bars-in-amsterdam
www.thrillist.com,3986726272816508,8 vino bars in Berlin that prove German wine doesn't suck,Berlin,8,http://www.thrillist.com/drink/berlin/best-berlin-wine-bars-8-vino-bars-in-berlin-that-prove-german-wine-doesn-t-suck-thrillist-berlin
www.thrillist.com,1603841066516746,The eight coolest bars in Toronto,Toronto,8,http://www.thrillist.com/drink/toronto/toronto-nightlife-the-eight-best-bars
www.thrillist.com,1380349836013608,San Francisco's 17 best Spring openings,San Francisco,17,http://www.thrillist.com/eat/san-francisco/best-new-sf-bars-restaurants-spring-openings
www.thrillist.com,3110978237811327,8 new cocktail bars you should be drinking in right now,London,12,http://www.thrillist.com/drink/london/london-s-best-new-cocktail-bars-thrillist-london
www.thrillist.com,3169455211956553,The 8 most essential lobster roll spots in NYC,New York,8,http://www.thrillist.com/eat/new-york/best-nyc-lobster-rolls
www.thrillist.com,3460569809838251,Here are the best clubs in Boston,Boston,6,http://www.thrillist.com/drink/boston/central-square/night-clubs-in-boston-nightlife-in-boston
www.thrillist.com,2189601832936331,Berlin's 8 best beer gardens,Berlin,8,http://www.thrillist.com/drink/berlin/berlin-s-best-beer-gardens
www.thrillist.com,3996774757550096,Toronto’s Top Dogs: when street meat gets dolled up,Toronto,7,http://www.thrillist.com/eat/toronto/best-hot-dogs-in-toronto-toronto-s-top-dogs-when-street-meat-gets-dolled-up
www.thrillist.com,2405849734759045,The eight coolest restaurants in Berlin,Berlin,8,http://www.thrillist.com/eat/berlin/kreuzberg/best-restaurants-in-berlin-the-eight-coolest-restaurants
www.thrillist.com,3667041583807441,10 new Paris restaurants you need to try right now,Paris,10,http://www.thrillist.com/eat/paris/10-new-paris-restaurants-you-need-to-try-right-now
www.thrillist.com,1630761532620093,NYC's 21 best openings of the Spring,New York,18,http://www.thrillist.com/eat/new-york/best-new-nyc-restaurant-openings-this-spring
www.thrillist.com,529495944067670,These are the 7 best cocktail bars in Berlin,Berlin,7,http://www.thrillist.com/drink/berlin/the-best-cocktail-bars-in-berlin-these-are-the-7-best-cocktail-bars-in-berlin
www.thrillist.com,2856484047054143,10 new Paris restaurants that'll rock 2014,Paris,9,http://www.thrillist.com/eat/paris/new-restaurants-in-paris-10-most-anticipated-winter-openings
www.thrillist.com,4164790280297405,Chicago's 8 best under-the-radar pizza places,Chicago,8,http://www.thrillist.com/eat/chicago/best-under-the-radar-unknown-chicago-pizza
www.thrillist.com,2576642997578876,The 6 best new restaurants in Berlin,Berlin,6,http://www.thrillist.com/eat/berlin/the-6-best-new-restaurants-in-berlin-thrillist-berlin
www.thrillist.com,675895716121465,The seven best poutine spots in Toronto,Toronto,7,http://www.thrillist.com/eat/toronto/poutine-toronto-the-seven-best-places-to-eat
www.thrillist.com,1712913510845953,12 brand new Boston restaurants you need to eat at today,Boston,13,http://www.thrillist.com/eat/boston/12-brand-new-boston-restaurants-you-need-to-eat-at-today
www.thrillist.com,2126665340066418,The 12 best brunches in Boston,Boston,12,http://www.thrillist.com/eat/boston/allston-brighton/best-brunches-in-boston
www.thrillist.com,3563058703832231,These are Toronto's Bad Decision Bars,Toronto,8,http://www.thrillist.com/drink/toronto/toronto-s-bad-decision-bars-thrillist-toronto
www.thrillist.com,2315929782106540,10 spots to find the best sushi in Paris,Paris,10,http://www.thrillist.com/eat/paris/best-sushi-restaurants-in-paris-10-spots-to-find-the-best-sushi-in-paris-thrillist-paris
www.thrillist.com,88320307078229,The 9 best sushi spots in Chicago,Chicago,9,http://www.thrillist.com/eat/chicago/best-chicago-sushi-restaurants
www.thrillist.com,3957376881305488,"The 7 best tacos in Boston, according to a chef",Boston,7,http://www.thrillist.com/eat/boston/back-bay/where-to-get-the-best-tacos-in-boston
www.thrillist.com,508984775745061,20 spots to get giant beers in NYC,New York,13,http://www.thrillist.com/drink/new-york/giant-boots-liters-beer-nyc-bars
www.thrillist.com,3915425701727554,The 6 best restaurant openings in Amsterdam since the new year,Amsterdam,6,http://www.thrillist.com/eat/amsterdam/amsterdam-s-best-new-restaurants-of-2014-these-are-the-best-new-openings-in-amsterdam-this-year
www.thrillist.com,503334204630736,The 8 best dive bars in London,London,8,http://www.thrillist.com/drink/london/the-8-best-dive-bars-in-london-neighborhood-guide-to-dive-bars
www.thrillist.com,2712810921148442,The 11 best dive bars in Las Vegas,Las Vegas,11,http://www.thrillist.com/drink/las-vegas/best-dive-bars-in-las-vegas
www.thrillist.com,2851420798541356,Seattle's 10 best under-the-radar burgers,Seattle,10,http://www.thrillist.com/eat/seattle/seattle-s-10-best-under-the-radar-burgers-thrillist-seattle
www.thrillist.com,2253607279765047,The 7 best sushi spots in San Francisco,San Francisco,8,http://www.thrillist.com/eat/san-francisco/bernal-heights/best-sushi-in-sf-ichi-ni-bernal-heights-picks
www.thrillist.com,4468115777675005,Munich's eight best restaurants,Munich,8,http://www.thrillist.com/eat/nation/best-restaurants-in-munich-the-eight-cool-places-to-eat-thrilist-munich
www.thrillist.com,3383522308416969,Chicago's 25 best hot dog spots,Chicago,11,http://www.thrillist.com/eat/chicago/best-chicago-hot-dogs-stands-restaurants
www.thrillist.com,1185127502238816,The eight coolest bars in Paris,Paris,8,http://www.thrillist.com/drink/paris/best-bars-in-paris-the-eight-coolest-bars-in-paris
www.thrillist.com,4295105085445882,The eight coolest restaurants in Paris,Paris,8,http://www.thrillist.com/eat/paris/best-restaurants-in-paris-the-coolest-restaurants-in-town
www.thrillist.com,1019951073276889,8 must-hit East Bay openings (one of which is a beer garden!),San Francisco,8,http://www.thrillist.com/eat/san-francisco/berkeley/best-new-oakland-berkeley-bars-restaurants-sf
www.thrillist.com,878034139934966,The 8 new Seattle bars and restos you need to be at RIGHT NOW,Seattle,8,http://www.thrillist.com/eat/seattle/best-new-bars-and-restaurants-in-seattle-thrillist-seattle
www.thrillist.com,1423769168645804,Seattle's 10 best whiskey bars,Seattle,10,http://www.thrillist.com/drink/seattle/best-whiskey-bars-in-seattle
www.thrillist.com,2188858874896070,Maple Leaf bar crawl,Toronto,7,http://www.thrillist.com/drink/toronto/maple-leaf-bar-crawl-thrillist-toronto
www.thrillist.com,3077853932977853,8 new London restaurants you need to check out immediately,London,10,http://www.thrillist.com/eat/london/london-s-best-new-restaurants
www.thrillist.com,3506536055094896,The 10 most underrated restaurants in Paris,Paris,10,http://www.thrillist.com/eat/paris/the-most-underrated-restaurants-in-paris
www.thrillist.com,1688713376601602,These are Toronto's greatest cocktail bars,Toronto,8,http://www.thrillist.com/drink/toronto/best-cocktail-bars-in-toronto-these-are-toronto-s-greatest-cocktail-bars
www.thrillist.com,2785859847355344,These are the 12 best BBQ places in Boston,Boston,8,http://www.thrillist.com/eat/boston/best-bbq-restaurants-in-boston
www.thrillist.com,3755522001447450,The 11 best new restaurant openings West of La Brea,Los Angeles,11,http://www.thrillist.com/eat/los-angeles/best-new-restaurants-bars-westside-la
www.thrillist.com,3572790234652168,The 10 best new Paris restaurant openings,Paris,10,http://www.thrillist.com/eat/paris/the-best-new-paris-restaurant-openings
www.thrillist.com,462147892824479,Seattle's 26 best Boozy Brunches: A hood-by-hood guide,Seattle,22,http://www.thrillist.com/drink/seattle/best-brunch-in-seattle-a-hood-by-hood-guide
www.thrillist.com,2905939936885988,From XS to Surrender: the Thrillist guide to Vegas's best nightclubs,Las Vegas,12,http://www.thrillist.com/drink/las-vegas/best-clubs-in-vegas-las-vegas-s-best-nightclubs
www.thrillist.com,4109593548234433,Seattle's best (and most slurp-worthy) ramen spots,Seattle,7,http://www.thrillist.com/eat/seattle/best-ramen-in-seattle-where-to-get-ramen-in-seattle-thrillist-seattle
www.thrillist.com,4004012241566796,10 Paris wine bars you should be drinking at,Paris,10,http://www.thrillist.com/drink/paris/the-best-wine-bars-in-paris
www.thrillist.com,1589417524975322,The eight coolest bars in Berlin,Berlin,8,http://www.thrillist.com/drink/berlin/kreuzberg/best-bars-in-berlin-the-eight-coolest-bars
www.thrillist.com,1684995856328156,The 8 best new bars & restaurants in Seattle,Seattle,8,http://www.thrillist.com/eat/seattle/best-seattle-restaurant-openings-seattle-restaurants
www.thrillist.com,855925284603489,The 12 best places to drink on Cape Cod,Boston,11,http://www.thrillist.com/drink/boston/capethe-islands/best-bars-in-cape-cod-massachusetts
www.thrillist.com,900174704272972,The 7 best fish & chips spots in Seattle,Seattle,7,http://www.thrillist.com/eat/seattle/best-fish-chips-in-seattle
www.thrillist.com,2294246253394110,The 7 best speakeasies in Paris,Paris,6,http://www.thrillist.com/drink/paris/the-7-best-speakeasies-in-paris
www.thrillist.com,2206568480817044,NYC's 17 best bar and restaurant openings from May,New York,12,http://www.thrillist.com/eat/new-york/best-new-nyc-restaurants-and-bars-from-may
www.thrillist.com,1569465836492013,DC's 11 most important new restaurants from Spring,Washington,11,http://www.thrillist.com/eat/washington-dc/best-new-dc-bars-restaurants-may
www.thrillist.com,4487887749353844,The 8 best hidden bars in Berlin,Berlin,8,http://www.thrillist.com/drink/berlin/best-hidden-bars-in-berlin
www.thrillist.com,2181172037406398,Drink at DC's 8 best cocktail bars,Washington,8,http://www.thrillist.com/drink/washington-dc/adams-morgan/best-cocktails-in-washington-dc
www.thrillist.com,529837233280515,Toronto's best late-night breakfasts,Toronto,7,http://www.thrillist.com/eat/toronto/best-late-night-breakfast-restaurants-in-toronto-toronto-s-best-late-night-breakfasts
www.thrillist.com,1898777171531653,The OTHER 10 best steakhouses in Las Vegas,Las Vegas,10,http://www.thrillist.com/eat/las-vegas/10-best-steakhouses-in-las-vegas
www.thrillist.com,3503032657018134,The 10 best fried shrimp shacks in Chicago,Chicago,10,http://www.thrillist.com/eat/chicago/best-chicago-fried-shrimp-shacks
www.thrillist.com,1318304937075318,The 10 best places for Southern and soul food in Chicago,Chicago,9,http://www.thrillist.com/eat/chicago/best-chicago-soul-food-southern-food-restaurants
www.thrillist.com,3602975490858545,These are Boston's best cocktail bars,Boston,6,http://www.thrillist.com/drink/boston/central-square/best-cocktails-in-boston
www.thrillist.com,1511058569589724,7 dishes to get your fat fix in Paris,Paris,7,http://www.thrillist.com/eat/paris/the-most-decadent-food-in-paris-7-dishes-to-get-your-fat-fix-in-paris
www.thrillist.com,3971050771828427,The 6 best (mostly) hidden spots in Toronto,Toronto,6,http://www.thrillist.com/drink/toronto/the-best-hidden-bars-in-toronto-the-6-best-mostly-hidden-spots-in-toronto
www.thrillist.com,90781981015411,8 new London bars you need to check out immediately,London,8,http://www.thrillist.com/drink/london/the-best-new-bars-in-london
www.thrillist.com,3719456690828350,The top 10 fried chicken joints in Chicago,Chicago,10,http://www.thrillist.com/eat/chicago/best-chicago-fried-chicken
www.thrillist.com,2784854961772176,Berlin's 8 most underrated restaurants,Berlin,8,http://www.thrillist.com/eat/berlin/berlin-s-most-underrated-restaurants
www.thrillist.com,751383838996788,The 8 finest fish & chip shops in London,London,8,http://www.thrillist.com/eat/london/london-s-best-fish-and-chips-restaurants-london-s-best-fish-chips-thrillist-london
www.thrillist.com,2230614218103413,The 8 best spots to eat dumplings in DC,Washington,8,http://www.thrillist.com/eat/washington-dc/adams-morgan/best-dumplings-in-washington-dc-thrillist-dc
www.thrillist.com,1076804354367220,The 7 best sushi spots in NYC,New York,7,http://www.thrillist.com/eat/new-york/best-nyc-sushi-restaurants
www.thrillist.com,2505012403323934,Toronto’s best under-the-radar burgers,Toronto,8,http://www.thrillist.com/eat/toronto/toronto-s-best-under-the-radar-burgers-thrillist-toronto
www.thrillist.com,2952894827542079,The eight coolest bars in Munich,Munich,10,http://www.thrillist.com/drink/nation/best-bars-in-munich-the-eight-coolest-bars-in-munich
www.thrillist.com,2492206407113291,Get yourself to Boston's 7 best dive bars,Boston,7,http://www.thrillist.com/drink/boston/allston-brighton/the-7-best-dive-bars-in-boston-neighborhood-guide-to-dive-bars
www.thrillist.com,1607377797403738,These are the 8 best cocktail bars in London,London,8,http://www.thrillist.com/drink/london/best-cocktails-in-london
www.thrillist.com,233786289559362,The 14 best places to score a lobster roll in LA,Los Angeles,10,http://www.thrillist.com/eat/los-angeles/beverly-hills/best-la-lobster-rolls-cousins-maine-lobster-bp-oysterette-and-more
www.thrillist.com,3075795038581163,Toronto’s 11 best and boldest Bloody Caesars,Toronto,11,http://www.thrillist.com/drink/toronto/toronto-s-best-bloody-caesars
www.thrillist.com,869664764069914,The best brunch in every single SF neighborhood,San Francisco,35,http://www.thrillist.com/eat/san-francisco/best-sf-brunch-neighborhood-guide
www.thrillist.com,2846848925775505,18 new Boston restaurants to put on your Summer schedule,Boston,18,http://www.thrillist.com/eat/boston/best-new-boston-bars-restaurants-spring
www.thrillist.com,483179997137479,The 11 best tamales in Chicago,Chicago,11,http://www.thrillist.com/eat/chicago/best-chicago-tamales-mexican-food
www.thrillist.com,3428784237304782,The 10 new Vegas bars and restaurants to try right now,Las Vegas,10,http://www.thrillist.com/eat/las-vegas/best-new-vegas-bars-and-restaurants
www.thrillist.com,4099067307622482,The 8 best single-item restaurants in London,London,8,http://www.thrillist.com/eat/london/the-best-single-item-restaurants-in-london-thrillist-london
www.thrillist.com,2928390664170457,The coolest bars and restaurants in town,Washington,47,http://www.thrillist.com/eat/washington-dc/where-to-eat-and-drink-in-washington-dc
www.thrillist.com,488574460929021,9 Parisian cocktail spots for modern spins on classic drinks,Paris,9,http://www.thrillist.com/drink/paris/best-9-cocktail-spots-in-paris-9-parisian-cocktail-spots-for-modern-spins-on-classic-drinks
www.thrillist.com,4017873590702833,The best coffee shop in every single SF neighborhood,San Francisco,33,http://www.thrillist.com/drink/san-francisco/best-sf-coffee-shops-neighborhood-guide
www.thrillist.com,2713894722552248,The 8 coolest restaurants in Amsterdam,Amsterdam,8,http://www.thrillist.com/eat/amsterdam/the-8-coolest-restaurants-in-amsterdam
www.thrillist.com,2819954552867942,Where to get clam chowder: 6 of Boston's best spots,Boston,6,http://www.thrillist.com/eat/boston/downtown-crossing/best-new-england-clam-chowders-in-boston-thrillist-bos
www.thrillist.com,2651636185138020,LA's 9 best all-you-can-eat buffets,Los Angeles,9,http://www.thrillist.com/eat/los-angeles/culver-city/best-all-you-can-eat-la-buffets
www.thrillist.com,2832455275233667,These are Toronto's 6 finest burger spots,Toronto,6,http://www.thrillist.com/eat/toronto/these-are-torontos-6-finest-burger-spots
www.thrillist.com,3122387463013611,The Westside's 9 best Korean BBQ spots,Los Angeles,9,http://www.thrillist.com/eat/los-angeles/santa-monica/best-westside-korean-bbq-la-westwood-west-la-century-city-marina-del-rey
www.thrillist.com,3971400380296991,Berlin’s finest ex-pat burgers,Berlin,8,http://www.thrillist.com/eat/berlin/berlins-finest-ex-pat-burgers
www.fodors.com,335750901021916,Top Things to Do in London,London,10,http://www.fodors.com/world/europe/england/london/feature_30002.html
www.fodors.com,3050661111653477,Top Things to Do in Rome,Rome,10,http://www.fodors.com/world/europe/italy/rome/feature_30002.html
www.fodors.com,3970343404298239,Top Things to Do in Paris,Paris,10,http://www.fodors.com/world/europe/france/paris/feature_30002.html
www.fodors.com,2494197823946247,Top Things to See in Barcelona,Barcelona,8,http://www.fodors.com/world/europe/spain/barcelona/feature_30002.html
www.fodors.com,2020172551046500,Top Things to Do in Hong Kong,Hong Kong,10,http://www.fodors.com/world/asia/china/hong-kong/feature_30002.html
www.fodors.com,3462520218915403,Top Things to Do in Amsterdam,Amsterdam,9,http://www.fodors.com/world/europe/netherlands/amsterdam/feature_30003.html
www.fodors.com,2744154876291433,Top Things to Do in New York,New York,9,http://www.fodors.com/world/north-america/usa/new-york/new-york-city/feature_30002.html
www.nomadicmatt.com,264874526802500,Rome,Rome,18,http://www.nomadicmatt.com/travel-guides/italy-travel-tips/rome/
www.nomadicmatt.com,1972949063192752,Paris,Paris,16,http://www.nomadicmatt.com/travel-guides/france-travel-tips/paris/
www.nomadicmatt.com,583303063198745,Kuala Lumpur,Kuala Lumpur,13,http://www.nomadicmatt.com/travel-guides/malaysia-travel-tips/kuala-lumpur/
www.nomadicmatt.com,3849784788168692,Bangkok,Bangkok,12,http://www.nomadicmatt.com/travel-guides/thailand-travel-tips/bangkok/
www.nomadicmatt.com,703224853614045,New York City,New York,18,http://www.nomadicmatt.com/travel-guides/united-states-travel-tips/new-york-city/
www.nomadicmatt.com,3696246901682453,Gaudi’s Barcelona,Barcelona,9,http://www.nomadicmatt.com/travel-blogs/gaudis-barcelona/
www.nomadicmatt.com,3628454168824892,Hong Kong,Hong Kong,20,http://www.nomadicmatt.com/travel-guides/china-travel-tips/hong-kong/
www.nomadicmatt.com,4309629923075878,Barcelona,Barcelona,10,http://www.nomadicmatt.com/travel-guides/spain-travel-tips/barcelona/
www.nomadicmatt.com,2349792342410454,London,London,21,http://www.nomadicmatt.com/travel-guides/england-travel-tips/london/
www.nomadicmatt.com,2995712571872222,Singapore Travel Tips,Singapore,13,http://www.nomadicmatt.com/travel-guides/singapore-travel-tips/
www.nomadicmatt.com,1397117221748715,Milan,Milan,13,http://www.nomadicmatt.com/travel-guides/italy-travel-tips/milan/
www.saveur.com,3618627915830456,The Guide: Dubai on the Fly,Dubai,5,http://www.saveur.com/article/Travels/Travel-Guide-Dubai
www.saveur.com,3541619087520534,Travel Guide: Maghrébin Paris,Paris,9,http://www.saveur.com/article/Travels/Guide-Maghrebin-Paris
www.saveur.com,1540948288034156,The Guide: Buenos Aires,Buenos Aires,9,http://www.saveur.com/article/travels/travel-guide-buenos-aires-argentina
www.saveur.com,2875198961460428,LA Travel Guide,Los Angeles,5,http://www.saveur.com/article/Travels/LA-Guide
www.saveur.com,3562691676626213,Travel Guide: What to Do and Where to Stay in Hong Kong,Hong Kong,9,http://www.saveur.com/gallery/What-to-Do-and-Where-to-Stay-in-Hong-Kong
www.saveur.com,37197362731678,Travel Guide: What to Eat in Hong Kong,Hong Kong,7,http://www.saveur.com/gallery/What-to-Eat-in-Hong-Kong
www.nytimes.com,2772228357527349,36 Hours in Chicago,Chicago,26,http://www.nytimes.com/2014/01/05/travel/36-hours-in-chicago.html
www.nytimes.com,3426431336940565,"36 Hours in Hampstead, London",Hampstead,20,http://www.nytimes.com/2013/09/29/travel/36-hours-in-hampstead-london.html
www.nytimes.com,4017133965376099,36 Hours in Venice,Venice,26,http://www.nytimes.com/2014/06/15/travel/36-hours-in-venice.html
www.nytimes.com,1573932397149895,36 Hours in East London,London,19,http://www.nytimes.com/2012/04/29/travel/36-hours-in-east-london.html
www.nytimes.com,2879137176045745,36 Hours in Prague,Prague,23,http://www.nytimes.com/2014/04/20/travel/36-hours-in-prague.html
www.nytimes.com,2066883252869202,36 Hours in Upper Manhattan,Upper Manhattan,24,http://www.nytimes.com/2014/02/23/travel/36-hours-in-upper-manhattan.html
www.nytimes.com,1265155998141126,36 Hours in Singapore,Singapore,20,http://www.nytimes.com/2011/05/01/travel/01hours-singapore.html
www.nytimes.com,1599298693782748,36 Hours on the Beach in Barcelona,Barcelona,15,http://www.nytimes.com/2014/06/01/travel/36-hours-on-the-beach-in-barcelona.html
www.nytimes.com,3231582501336316,"36 Hours in Washington, D.C.",Washington,19,http://www.nytimes.com/2014/05/18/travel/36-hours-in-washington-dc.html
www.nytimes.com,256187942219436,36 Hours in Hong Kong,Hong Kong,19,http://www.nytimes.com/2011/03/20/travel/20hours-hongkong.html
www.nytimes.com,1976511814603165,36 Hours in Bangkok,Bangkok,18,http://www.nytimes.com/2013/03/17/travel/36-hours-in-bangkok.html
www.nytimes.com,2382938151895818,36 Hours in Singapore,Singapore,18,http://www.nytimes.com/2007/12/23/travel/23hours.html
www.nytimes.com,4007950464330075,36 Hours in Downtown Manhattan,Manhattan,17,http://www.nytimes.com/2011/08/21/travel/36-hours-in-downtown-manhattan.html
www.nytimes.com,1161797211171935,36 Hours in Brooklyn,Brooklyn,28,http://www.nytimes.com/2011/02/13/travel/13hours-brooklyn.html
www.nytimes.com,2457017335537847,36 Hours in Bangkok,Bangkok,17,http://www.nytimes.com/2008/06/29/travel/29hours.html
www.nytimes.com,2242043106249927,36 Hours in Milan,Milan,21,http://www.nytimes.com/2011/05/22/travel/36-hours-in-milan.html
www.nytimes.com,2790252263350325,"36 Hours in Barcelona, Spain",Barcelona,22,http://www.nytimes.com/2012/05/06/travel/36-hours-in-barcelona-spain.html
www.nytimes.com,1271668868632717,36 Hours in Paris,Paris,24,http://www.nytimes.com/2010/12/19/travel/19hours-paris.html
www.nytimes.com,994209317892150,36 Hours in Madrid,Madrid,24,http://www.nytimes.com/2014/06/22/travel/36-hours-in-madrid.html
www.nytimes.com,3971327218426117,"36 Hours in Queens, N.Y.",Queens,19,http://www.nytimes.com/2012/12/23/travel/36-hours-in-queens-ny.html
www.nytimes.com,1846898897982880,36 Hours in Rome,Rome,18,http://www.nytimes.com/2010/10/10/travel/10hours.html
www.nytimes.com,1856532954533246,36 Hours in Sydney,Sydney,20,http://www.nytimes.com/2014/01/19/travel/36-hours-in-sydney.html#
www.nytimes.com,3957369883540982,"36 Hours in Ho Chi Minh City, Vietnam",Ho Chi Minh City,26,http://www.nytimes.com/2014/05/11/travel/36-hours-in-ho-chi-minh-city-vietnam.html
www.nytimes.com,1543405951104361,36 Hours in Mexico City,Mexico City,18,http://www.nytimes.com/2014/03/23/travel/36-hours-in-mexico-city.html
www.nytimes.com,3258545927124569,36 Hours in Seoul,Seoul,21,http://www.nytimes.com/2010/11/14/travel/14seoul-hours.html
www.ricksteves.com,1257201615427517,Budapest,Budapest,21,http://www.ricksteves.com/europe/hungary/budapest
www.ricksteves.com,3636451140387336,Amsterdam,Amsterdam,25,http://www.ricksteves.com/europe/netherlands/amsterdam
www.ricksteves.com,1449760229633919,Lisbon,Lisbon,19,http://www.ricksteves.com/europe/portugal/lisbon
www.ricksteves.com,3180673754922172,Brussels,Brussels,21,http://www.ricksteves.com/europe/belgium/brussels
www.ricksteves.com,3852809721410277,Vienna,Vienna,22,http://www.ricksteves.com/europe/austria/vienna
www.ricksteves.com,4018879214039818,Paris,Paris,24,http://www.ricksteves.com/europe/france/paris
www.ricksteves.com,607792264409841,Berlin,Berlin,20,http://www.ricksteves.com/europe/germany/berlin
www.ricksteves.com,3031816468376783,Madrid,Madrid,17,http://www.ricksteves.com/europe/spain/madrid
www.ricksteves.com,3475956230409134,Rome,Rome,22,http://www.ricksteves.com/europe/italy/rome
www.ricksteves.com,2885215916908590,London,London,22,http://www.ricksteves.com/europe/england/london
www.ricksteves.com,917440848775873,Istanbul,Istanbul,21,http://www.ricksteves.com/europe/turkey/istanbul
www.ricksteves.com,218731714305072,Dublin,Dublin,22,http://www.ricksteves.com/europe/ireland/dublin
www.ricksteves.com,581916989450902,Florence,Florence,21,http://www.ricksteves.com/europe/italy/florence
www.ricksteves.com,4457569085286534,Nice,Nice,10,http://www.ricksteves.com/europe/france/nice
www.ricksteves.com,961409504822378,Munich,Munich,18,http://www.ricksteves.com/europe/germany/munich
www.lonelyplanet.com,3988273851352256,Things to do in Kuala Lumpur,Kuala Lumpur,12,http://www.lonelyplanet.com/malaysia/kuala-lumpur/things-to-do
www.lonelyplanet.com,3418321688736813,Things to do in Milan,Milan,11,http://www.lonelyplanet.com/italy/milan/things-to-do
www.lonelyplanet.com,3700157967487978,Things to do in Lima,Lima,10,http://www.lonelyplanet.com/peru/lima/things-to-do
www.lonelyplanet.com,2169645119370781,Things to do in Cancún & Around,"Cancún, Quintana Roo, Mexico",10,http://www.lonelyplanet.com/mexico/cancun/things-to-do
www.lonelyplanet.com,3511389550231486,Things to do in Brussels,Brussels,12,http://www.lonelyplanet.com/belgium/brussels/things-to-do
www.lonelyplanet.com,2996255979362254,Things to do in Barcelona,Barcelona,12,http://www.lonelyplanet.com/spain/barcelona/things-to-do
www.lonelyplanet.com,2498300148077762,Things to do in Paris,Paris,11,http://www.lonelyplanet.com/france/paris/things-to-do
www.lonelyplanet.com,2670198053494391,Things to do in Los Angeles,Los Angeles,12,http://www.lonelyplanet.com/usa/los-angeles/things-to-do
www.lonelyplanet.com,121922190766635,Things to do in Las Vegas,Las Vegas,12,http://www.lonelyplanet.com/usa/las-vegas/things-to-do
www.lonelyplanet.com,684400480712070,Things to do in Frankfurt am Main,Frankfurt,12,http://www.lonelyplanet.com/germany/frankfurt-am-main/things-to-do
www.lonelyplanet.com,1367902221761402,Things to do in Buenos Aires,Buenos Aires,12,http://www.lonelyplanet.com/argentina/buenos-aires/things-to-do
www.lonelyplanet.com,372864435672212,Things to do in Bangkok,Bangkok,12,http://www.lonelyplanet.com/thailand/bangkok/things-to-do
www.lonelyplanet.com,1758242532872025,Things to do in San Francisco,San Francisco,12,http://www.lonelyplanet.com/usa/san-francisco/things-to-do
www.lonelyplanet.com,368563680903823,Things to do in Singapore,Singapore,12,http://www.lonelyplanet.com/singapore/things-to-do
www.lonelyplanet.com,742508379080960,Things to do in Florence,Florence,10,http://www.lonelyplanet.com/italy/florence/things-to-do
www.lonelyplanet.com,3315597693698915,Things to do in Macau,Macau,12,http://www.lonelyplanet.com/china/macau/things-to-do
www.lonelyplanet.com,329091654612675,Things to do in Shànghǎi,Shanghai,12,http://www.lonelyplanet.com/china/shanghai/things-to-do
www.lonelyplanet.com,2835641817167131,Things to do in Vienna,Vienna,12,http://www.lonelyplanet.com/austria/vienna/things-to-do
www.lonelyplanet.com,2041407840378,Things to do in St Petersburg,St Petersburg,11,http://www.lonelyplanet.com/russia/st-petersburg/things-to-do
www.lonelyplanet.com,677457287405027,Things to do in Berlin,Berlin,12,http://www.lonelyplanet.com/germany/berlin/things-to-do
www.lonelyplanet.com,997823406170334,Things to do in London,London,12,http://www.lonelyplanet.com/england/london/things-to-do
www.lonelyplanet.com,2398426480746592,Things to do in Madrid,Madrid,12,http://www.lonelyplanet.com/spain/madrid/things-to-do
www.lonelyplanet.com,412097677538912,Things to do in Boston,Boston,11,http://www.lonelyplanet.com/usa/boston/things-to-do
www.lonelyplanet.com,2742751980159148,Things to do in Hong Kong,Hong Kong,12,http://www.lonelyplanet.com/china/hong-kong/things-to-do
www.lonelyplanet.com,513486740113357,Things to do in Chicago,Chicago,12,http://www.lonelyplanet.com/usa/chicago/things-to-do
www.lonelyplanet.com,4079850335920532,Things to do in Budapest,Budapest,12,http://www.lonelyplanet.com/hungary/budapest/things-to-do
www.lonelyplanet.com,1307100394095458,Things to do in Abu Dhabi,Abu Dhabi,12,http://www.lonelyplanet.com/united-arab-emirates/abu-dhabi/things-to-do
www.lonelyplanet.com,2276952221947340,Things to do in Seoul,Seoul,12,http://www.lonelyplanet.com/south-korea/seoul/things-to-do
www.lonelyplanet.com,4492497717353132,Things to do in Amsterdam,Amsterdam,12,http://www.lonelyplanet.com/the-netherlands/amsterdam/things-to-do
www.lonelyplanet.com,2472559130406554,Things to do in Rio de Janeiro,Rio de Janeiro,12,http://www.lonelyplanet.com/brazil/rio-de-janeiro/things-to-do
www.lonelyplanet.com,3958590867526689,Things to do in Moscow,Moscow,12,http://www.lonelyplanet.com/russia/moscow/things-to-do
www.lonelyplanet.com,1303885831805449,Things to do in Chiang Mai,Chiang Mai,12,http://www.lonelyplanet.com/thailand/chiang-mai-province/chiang-mai/things-to-do
www.lonelyplanet.com,2278924769461939,Things to do in Venice,Venice,12,http://www.lonelyplanet.com/italy/venice/things-to-do
www.lonelyplanet.com,2210711903405677,Things to do in Toronto,Toronto,12,http://www.lonelyplanet.com/canada/toronto/things-to-do
www.lonelyplanet.com,773119381530562,Things to do in São Paulo,São Paulo,12,http://www.lonelyplanet.com/brazil/sao-paulo/things-to-do
www.lonelyplanet.com,3439982063493586,Things to do in Istanbul,Istanbul,12,http://www.lonelyplanet.com/turkey/istanbul/things-to-do
www.lonelyplanet.com,3720982121937660,Things to do in Taipei,Taipei,12,http://www.lonelyplanet.com/taiwan/taipei/things-to-do
www.lonelyplanet.com,2226157939077651,Things to do in Sydney,Sydney,12,http://www.lonelyplanet.com/australia/sydney/things-to-do
www.lonelyplanet.com,1219721610208958,Things to do in Munich,Munich,12,http://www.lonelyplanet.com/germany/munich/things-to-do
www.lonelyplanet.com,918584021524106,Things to do around Phuket,"Phuket, Thailand",14,http://www.lonelyplanet.com/thailand/laem-phanwa/phuket/things-to-do
www.lonelyplanet.com,2190744920238290,Things to do in New York City,New York,10,http://www.lonelyplanet.com/usa/new-york-city/things-to-do
www.lonelyplanet.com,1020140140790234,Things to do in Rome,Rome,12,http://www.lonelyplanet.com/italy/rome/things-to-do
www.lonelyplanet.com,1078687579424806,Things to do in Melbourne,Melbourne,12,http://www.lonelyplanet.com/australia/melbourne/things-to-do
www.lonelyplanet.com,1163678819081557,Things to do in Tokyo,Tokyo,12,http://www.lonelyplanet.com/japan/tokyo/things-to-do
www.lonelyplanet.com,3074597747083107,Things to do in Vancouver,Vancouver,12,http://www.lonelyplanet.com/canada/vancouver/things-to-do
www.lonelyplanet.com,97665416957891,Things to do in Mexico City,Mexico City,11,http://www.lonelyplanet.com/mexico/mexico-city/things-to-do
www.lonelyplanet.com,991746147498214,"Things to do in Washington, DC",Washington,12,http://www.lonelyplanet.com/usa/washington-dc/things-to-do
www.lonelyplanet.com,2223238128612496,Things to do in Dubai,Dubai,11,http://www.lonelyplanet.com/united-arab-emirates/dubai/things-to-do
www.lonelyplanet.com,1433315809047032,Things to do in Jakarta,Jakarta,12,http://www.lonelyplanet.com/indonesia/jakarta/things-to-do
www.lonelyplanet.com,2876372210907172,Things to do in Seattle,Seattle,12,http://www.lonelyplanet.com/usa/seattle/things-to-do
www.lonelyplanet.com,857526973152101,Things to do in Dublin,Dublin,12,http://www.lonelyplanet.com/ireland/dublin/things-to-do
www.lonelyplanet.com,2587538668175203,Things to do in Prague,Prague,12,http://www.lonelyplanet.com/czech-republic/prague/things-to-do
www.hemispheresmagazine.com,991358595186578,Three Perfect Days: Paris,Paris,21,http://www.hemispheresmagazine.com/2010/09/01/three-perfect-days-paris/
www.hemispheresmagazine.com,837084475162684,"Three Perfect Days: Bangkok, Thailand",Bangkok,21,http://www.hemispheresmagazine.com/2008/01/01/bangkok-thailand/
www.hemispheresmagazine.com,4415532549090454,Three Perfect Days: London,London,16,http://www.hemispheresmagazine.com/2012/07/01/three-perfect-days-london/
www.frommers.com,767499329591898,The Best Museums,Amsterdam,3,http://www.frommers.com/destinations/amsterdam/765417
www.frommers.com,827469142472552,The Best Museums,Rome,5,http://www.frommers.com/destinations/rome/705606
www.frommers.com,1356107211769004,The Best Museums,Munich,6,http://www.frommers.com/destinations/munich/763890
www.frommers.com,4023886098277063,Best Dining Bets,Amsterdam,16,http://www.frommers.com/destinations/amsterdam/765413
www.frommers.com,4091398141315302,The Best Museums,Prague,7,http://www.frommers.com/destinations/prague/632458
www.frommers.com,3787799016911451,The Best Museums,Barcelona,5,http://www.frommers.com/destinations/barcelona/760309
www.frommers.com,4363511200080785,The Best Museums,New York,6,http://www.frommers.com/destinations/new-york-city/663699
www.frommers.com,2673888203308439,The Best Historic Sites,Paris,8,http://www.frommers.com/destinations/paris/658480
www.frommers.com,2867891636409869,The Best Museums,Tokyo,4,http://www.frommers.com/destinations/tokyo/250130
www.frommers.com,4441241481829391,The Best Museums,London,6,http://www.frommers.com/destinations/london/666716
www.frommers.com,989385555520036,"The Best Castles, Palaces & Historic Homes",Munich,6,http://www.frommers.com/destinations/munich/763889
www.frommers.com,1472533263943904,The Best Bars & Cafes,Barcelona,4,http://www.frommers.com/destinations/barcelona/760312
www.frommers.com,4270072891603467,The Best Ruins,Rome,8,http://www.frommers.com/destinations/rome/705607
www.frommers.com,3535500607347055,The Best Authentic Experiences,London,22,http://www.frommers.com/destinations/london/666781
www.frommers.com,3014197915762798,The Best Museums,Madrid,6,http://www.frommers.com/destinations/madrid/665274
www.frommers.com,2727628413049211,The Best Museums,Paris,5,http://www.frommers.com/destinations/paris/658413
www.frommers.com,3768003258873202,The Best Museums,Florence,3,http://www.frommers.com/destinations/florence/774580
www.frommers.com,2356056510215305,The Best Shopping,New York,11,http://www.frommers.com/destinations/new-york-city/663703
www.frommers.com,1234013566976744,The Best Churches,Rome,7,http://www.frommers.com/destinations/rome/705609
www.zagat.com,2483240035181020,Top Restaurants for Brunch in London,London,9,http://www.zagat.com/l/london/top-restaurants-for-brunch-in-london
www.zagat.com,3150975634333670,Bars With Great Food in London,London,7,http://www.zagat.com/l/london/bars-with-great-food-in-london
www.zagat.com,1968970483500540,Best Bars for Seasonal Beers in Miami,Miami,4,http://www.zagat.com/l/miami/best-bars-for-seasonal-beers-in-miami
www.zagat.com,484920261782023,Where to Find Cubanos in LA,Los Angeles,5,http://www.zagat.com/l/los-angeles/where-to-find-cubanos-in-la
www.zagat.com,3938208098124223,Best Bets for Dancing in NYC,New York,7,http://www.zagat.com/l/new-york-city/best-bets-for-dancing-in-nyc
www.zagat.com,3462139178381921,"Best Bets for Dancing in Washington, DC",Washington,7,http://www.zagat.com/l/washington-dc/best-bets-for-dancing-in-washington-dc
www.zagat.com,193049360832459,Best Coffee Date Spots in LA,Los Angeles,7,http://www.zagat.com/l/los-angeles/best-coffee-date-spots-in-la
www.zagat.com,2438577639603882,Best Bets for Dancing in Chicago,Chicago,7,http://www.zagat.com/l/chicago/best-bets-for-dancing-in-chicago
www.zagat.com,367584456041639,Best Bets for Dancing in Miami,Miami,6,http://www.zagat.com/l/miami/best-bets-for-dancing-in-miami
www.zagat.com,1033110538717111,Best Bets for Dancing in San Francisco,San Francisco,7,http://www.zagat.com/l/san-francisco/best-bets-for-dancing-in-san-francisco
www.zagat.com,222261080626054,Best Steakhouses in the SF Area,San Francisco,6,http://www.zagat.com/l/san-francisco/best-steakhouses-in-san-francisco-area
www.zagat.com,413303722056156,Best Mojitos in Toronto,Toronto,8,http://www.zagat.com/l/toronto/havana-nights-best-mojitos-in-toronto
www.zagat.com,1376068812745024,Must-Try London Restaurants That Won't Break the Bank,London,9,http://www.zagat.com/l/london/must-try-london-restaurants-that-wont-break-the-bank
www.zagat.com,921202020614723,Best Outdoor Happy Hours in Toronto,Toronto,7,http://www.zagat.com/l/toronto/best-outdoor-happy-hours-in-toronto
www.zagat.com,578395688064458,Best Dim Sum in London,London,9,http://www.zagat.com/l/london/best-dim-sum-in-london
www.zagat.com,781014788880624,Best Restaurants for Healthy Dining in Santa Monica,Los Angeles,5,http://www.zagat.com/l/los-angeles/best-restaurants-for-healthy-dining-in-santa-monica
www.zagat.com,1382121688674927,Best Bets for Dancing in Boston,Boston,7,http://www.zagat.com/l/boston/best-bets-for-dancing-in-boston
www.zagat.com,2634829402673474,Best Fried Chicken & Waffles in Toronto,Toronto,5,http://www.zagat.com/l/toronto/best-fried-chicken-waffles-in-toronto
www.zagat.com,2992306036111054,Best Bets for Dancing in Toronto,Toronto,6,http://www.zagat.com/l/toronto/best-bets-for-dancing-in-toronto
www.zagat.com,3737767424272729,Top French Restaurants in Boston,Boston,6,http://www.zagat.com/l/boston/best-french-restaurants-in-boston
www.zagat.com,1028359796473247,Popular Summer Brunch Spots in NYC,New York,10,http://www.zagat.com/l/new-york-city/popular-summer-brunch-spots-in-nyc
www.zagat.com,2013062738400772,Best Cuban Sandwiches in Miami,Miami,8,http://www.zagat.com/l/miami/best-cuban-sandwiches-in-miami
www.zagat.com,755088206765379,Best-Buy Bakeries and Coffee Shops in London,London,6,http://www.zagat.com/l/london/best-buy-bakeries-and-coffee-shops-in-london
www.zagat.com,2892439148162208,Top French Bistros in NYC,New York,6,http://www.zagat.com/l/new-york-city/top-french-bistros-in-nyc
www.zagat.com,47578142235183,Best Gay/Lesbian Bars in SF,San Francisco,8,http://www.zagat.com/l/san-francisco/best-gay-lesbian-bars-in-sf
www.zagat.com,2426894210147143,Top French Bistros in the City of SF,San Francisco,5,http://www.zagat.com/l/san-francisco/top-french-bistros-in-the-city-of-sf
www.zagat.com,1959050653651489,Restaurants and Nightspots with Outdoor Scenes in San Francisco,San Francisco,9,http://www.zagat.com/l/san-francisco/restaurants-and-nightspots-with-outdoor-scenes-in-san-francisco
www.zagat.com,908463988632574,Restaurants Worth a Trip Around London,London,7,http://www.zagat.com/l/london/restaurants-worth-a-trip-around-london
www.zagat.com,266893654655164,Best Irish Coffee Around Boston,Boston,7,http://www.zagat.com/l/boston/best-irish-coffee-around-boston
www.zagat.com,3835155988172184,Best Steakhouses in Chicago,Chicago,7,http://www.zagat.com/l/chicago/top-steakhouses-in-chicago
www.zagat.com,1120330503586439,Best Farm-to-Table Restaurants in DC,Washington,10,http://www.zagat.com/l/washington-dc/best-farm-to-table-restaurants-in-dc
www.zagat.com,3892554662880744,Unexpectedly Romantic Date Spots in London,London,7,http://www.zagat.com/l/london/unexpectedly-romantic-date-spots-in-london
www.zagat.com,1038797389415104,Healthy Quick Bites in Seattle,Seattle,6,http://www.zagat.com/l/seattle/healthy-quick-bites-in-seattle
www.zagat.com,3002898518268184,Coolest Beachfront Scenes in SoBe,Miami,6,http://www.zagat.com/l/miami/coolest-beachfront-scenes-in-sobe
www.zagat.com,2588403382715938,"Bars With Games in Washington, DC",Washington,7,http://www.zagat.com/l/washington-dc/bars-with-games-in-washington-dc
www.zagat.com,1956946839694830,Best Steakhouses in Miami,Miami,6,http://www.zagat.com/l/miami/best-steakhouse-restaurants-in-miami
www.zagat.com,452915844865906,Best Spots for Trendy Asian Food in NYC,New York,10,http://www.zagat.com/l/new-york-city/best-spots-for-trendy-asian-food-in-nyc
www.zagat.com,2751922851727167,Best Barbecue in London,London,10,http://www.zagat.com/l/london/best-barbecue-in-london
www.zagat.com,882891939601475,Best BBQ Spots in Toronto,Toronto,6,http://www.zagat.com/l/toronto/best-bbq-spots-in-toronto
www.zagat.com,4450652932368765,Best Bars for Seasonal Beers in NYC,New York,12,http://www.zagat.com/l/new-york-city/best-bars-for-seasonal-beers-in-nyc
www.zagat.com,592439304694596,Best Barbecue Restaurants in Chicago,Chicago,5,http://www.zagat.com/l/chicago/top-barbecue-restaurants-in-chicago
www.zagat.com,2824425701439320,No-Cover Music Venues in Boston,Boston,7,http://www.zagat.com/l/boston/no-cover-music-venues-in-boston
www.zagat.com,1885007799317024,Where to Eat & Drink Near McCarren Park,New York,9,http://www.zagat.com/l/new-york-city/where-to-eat-drink-near-mccarren-park
www.zagat.com,1902329412856495,Best Bars for Seasonal Beers in SF,San Francisco,8,http://www.zagat.com/l/san-francisco/best-bars-for-seasonal-beers-in-sf
www.zagat.com,683309233152786,Best Bets for Dancing in Seattle,Seattle,6,http://www.zagat.com/l/seattle/best-bets-for-dancing-in-seattle
www.zagat.com,4480706907376037,Best Dive Bars in Seattle,Seattle,5,http://www.zagat.com/l/seattle/dive-bars-in-seattle
www.zagat.com,3312348803805747,Best Latin American Restaurants in Boston,Boston,7,http://www.zagat.com/l/boston/best-latin-american-restaurants-in-boston
www.zagat.com,680189959520241,After-Work Happy Hours in Seattle,Seattle,8,http://www.zagat.com/l/seattle/after-work-happy-hours-in-seattle
www.zagat.com,3371707694462945,Best Steakhouse Restaurants in Seattle,Seattle,7,http://www.zagat.com/l/seattle/best-steakhouse-restaurants-in-seattle
www.zagat.com,1685390420852942,Best Steakhouses in Toronto,Toronto,7,http://www.zagat.com/l/toronto/best-steakhouses-in-toronto
www.zagat.com,3580606276453001,Best Korean BBQ Around DC,Washington,5,http://www.zagat.com/l/washington-dc/best-korean-bbq-around-dc
www.zagat.com,2372848471851222,"Best Waterside Dining in Washington, DC",Washington,5,http://www.zagat.com/l/washington-dc/best-waterside-dining-in-washington-dc
www.zagat.com,4243693974781628,Best Steakhouses in Boston,Boston,7,http://www.zagat.com/l/boston/best-steakhouses-in-boston
www.zagat.com,3836352145647421,Best Restaurants for Grilled Cheese in LA,Los Angeles,4,http://www.zagat.com/l/los-angeles/best-restaurants-for-grilled-cheese-in-la
www.zagat.com,3806111214461734,Best Outdoor Dining in Boston,Boston,7,http://www.zagat.com/l/boston/best-outdoor-dining-in-boston1
www.zagat.com,4127863886228347,Best Indoor/Outdoor Dining in NYC,New York,7,http://www.zagat.com/l/new-york-city/best-indoor-outdoor-dining-in-nyc
www.zagat.com,3604146856656092,Best Soup Dumplings in London,London,6,http://www.zagat.com/l/london/best-soup-dumplings-in-london
www.zagat.com,1382895026002326,Best Fried Chicken and Waffles in Miami,Miami,6,http://www.zagat.com/l/miami/best-fried-chicken-and-waffles-in-miami
www.zagat.com,3561895491383222,Exotic Getaways Without Leaving London,London,8,http://www.zagat.com/l/london/exotic-getaways-without-leaving-london
www.zagat.com,2457227805453673,Best Spots for Haute Mexican in LA,Los Angeles,6,http://www.zagat.com/l/los-angeles/best-spots-for-haute-mexican-in-la
www.zagat.com,496109972676053,Best Restaurants for Fried Chicken in LA,Los Angeles,5,http://www.zagat.com/l/los-angeles/best-restaurants-for-fried-chicken-in-la
www.zagat.com,3915290174540886,Best French Restaurants in Toronto,Toronto,6,http://www.zagat.com/l/toronto/best-french-restaurants-in-toronto
www.zagat.com,1119976565363090,Caribbean Food & Mojitos in Seattle,Seattle,6,http://www.zagat.com/l/seattle/caribbean-nights-island-bites-mojitos-in-seattle
www.zagat.com,2292951665125336,Best Dive Bars in Chicago,Chicago,8,http://www.zagat.com/l/chicago/best-dive-bars-in-chicago
www.zagat.com,467546432183863,Best Power Breakfasts in Toronto,Toronto,6,http://www.zagat.com/l/toronto/best-power-breakfasts-in-toronto
www.tripadvisor.com,4027210922234931,Las Vegas for free,Las Vegas,5,http://www.tripadvisor.com/Guide-g45963-l20-Las_Vegas_Nevada.html
www.tripadvisor.com,4470194741718403,Sophisticated Nightlife in Bangkok,Bangkok,7,http://www.tripadvisor.com/Guide-g293916-l538-Bangkok.html
www.tripadvisor.com,2890775617154002,Prague off the beaten path,Prague,5,http://www.tripadvisor.com/Guide-g274707-l80-Prague_Bohemia.html
www.tripadvisor.com,3404067163080499,Amsterdam off the beaten path,Amsterdam,5,http://www.tripadvisor.com/Guide-g188590-l305-Amsterdam_North_Holland_Province.html
www.tripadvisor.com,2770725067368285,Bangkok off the beaten path,Bangkok,5,http://www.tripadvisor.com/Guide-g293916-l104-Bangkok.html
www.tripadvisor.com,191470874877716,Essential San Francisco Eats,San Francisco,7,http://www.tripadvisor.com/Guide-g60713-l551-San_Francisco_California.html
www.tripadvisor.com,2277034990408865,Lima off the beaten path,Lima,4,http://www.tripadvisor.com/Guide-g294316-l224-Lima_Lima_Region.html
www.tripadvisor.com,2029168904314577,3 days in Lima,Lima,12,http://www.tripadvisor.com/Guide-g294316-l222-Lima_Lima_Region.html
www.tripadvisor.com,1535116182675821,Boston off the beaten path,Boston,6,http://www.tripadvisor.com/Guide-g60745-l163-Boston_Massachusetts.html
www.tripadvisor.com,1576309198570687,Florence off the beaten path,Florence,5,http://www.tripadvisor.com/Guide-g187895-l178-Florence_Tuscany.html
www.tripadvisor.com,3042118718193390,Lisbon off the beaten path,Lisbon,7,http://www.tripadvisor.com/Guide-g189158-l434-Lisbon_Estremadura.html
www.tripadvisor.com,4256644493368365,3 days in Siem Reap,Siem Reap,8,http://www.tripadvisor.com/Guide-g297390-l352-Siem_Reap_Siem_Reap_Province.html
www.tripadvisor.com,3258463933490632,Nightlife in the 798 Arts District,Beijing,7,http://www.tripadvisor.com/Guide-g294212-l540-Beijing.html
www.tripadvisor.com,2979517092153298,Tokyo on a budget,Tokyo,5,http://www.tripadvisor.com/Guide-g298184-l438-Tokyo_Tokyo_Prefecture_Kanto.html
www.tripadvisor.com,2935169356006717,3 days in Madrid,Madrid,11,http://www.tripadvisor.com/Guide-g187514-l56-Madrid.html
www.tripadvisor.com,855242556386917,3 days in Hanoi,Hanoi,13,http://www.tripadvisor.com/Guide-g293924-l307-Hanoi.html
www.tripadvisor.com,4265374743767065,Shanghai for free,Shanghai,4,http://www.tripadvisor.com/Guide-g308272-l150-Shanghai.html
www.tripadvisor.com,2061874479913405,Barcelona for free,Barcelona,5,http://www.tripadvisor.com/Guide-g187497-l53-Barcelona_Catalonia.html
www.tripadvisor.com,1737505171064253,Berlin off the beaten path,Berlin,5,http://www.tripadvisor.com/Guide-g187323-l255-Berlin.html
www.tripadvisor.com,2631958606580350,Madrid off the beaten path,Madrid,5,http://www.tripadvisor.com/Guide-g187514-l60-Madrid.html
www.tripadvisor.com,279361250944679,3 days in Tokyo,Tokyo,10,http://www.tripadvisor.com/Guide-g298184-l436-Tokyo_Tokyo_Prefecture_Kanto.html
www.tripadvisor.com,2434614685871335,Kuala Lumpur for free,Kuala Lumpur,5,http://www.tripadvisor.com/Guide-g298570-l140-Kuala_Lumpur_Wilayah_Persekutuan.html
www.tripadvisor.com,3473182734111763,Antalya for free,Antalya,6,http://www.tripadvisor.com/Guide-g297962-l501-Antalya_Turkish_Mediterranean_Coast.html
www.tripadvisor.com,2424130524977307,3 days in Rome,Rome,10,http://www.tripadvisor.com/Guide-g187791-l292-Rome_Lazio.html
www.tripadvisor.com,3042299082505871,3 days in Buenos Aires,Buenos Aires,13,http://www.tripadvisor.com/Guide-g312741-l191-Buenos_Aires_Capital_Federal_District.html
www.tripadvisor.com,2335487586818629,Seoul off the beaten path,Seoul,6,http://www.tripadvisor.com/Guide-g294197-l564-Seoul.html
www.tripadvisor.com,1379933706993842,Jakarta off the beaten path,Jakarta,5,http://www.tripadvisor.com/Guide-g294229-l118-Jakarta_Java.html
www.tripadvisor.com,863488627197914,Frankfurt off the beaten path,Frankfurt,5,http://www.tripadvisor.com/Guide-g187337-l360-Frankfurt_Hesse.html
www.tripadvisor.com,108328722740650,Berlin for free,Berlin,5,http://www.tripadvisor.com/Guide-g187323-l254-Berlin.html
www.tripadvisor.com,250623343598460,3 days in Jakarta,Jakarta,10,http://www.tripadvisor.com/Guide-g294229-l116-Jakarta_Java.html
www.tripadvisor.com,2961811412337129,3 days in Amsterdam,Amsterdam,9,http://www.tripadvisor.com/Guide-g188590-l302-Amsterdam_North_Holland_Province.html
www.tripadvisor.com,3676119864356805,Dubai for free,Dubai,6,http://www.tripadvisor.com/Guide-g295424-l130-Dubai_Emirate_of_Dubai.html
www.tripadvisor.com,2391575744965908,San Francisco off the beaten path,San Francisco,4,http://www.tripadvisor.com/Guide-g60713-l289-San_Francisco_California.html
www.tripadvisor.com,989327532388500,Hong Kong off the beaten path,Hong Kong,5,http://www.tripadvisor.com/Guide-g294217-l113-Hong_Kong.html
www.tripadvisor.com,579546288543015,3 days in Florence,Florence,13,http://www.tripadvisor.com/Guide-g187895-l176-Florence_Tuscany.html
www.tripadvisor.com,4446299954679609,3 days in Bangkok,Bangkok,9,http://www.tripadvisor.com/Guide-g293916-l101-Bangkok.html
www.tripadvisor.com,899390696279100,Rome off the beaten path,Rome,4,http://www.tripadvisor.com/Guide-g187791-l295-Rome_Lazio.html
www.tripadvisor.com,3327381585615235,3 days in Melbourne,Melbourne,9,http://www.tripadvisor.com/Guide-g255100-l332-Melbourne_Victoria.html
www.tripadvisor.com,3610240961968788,Siem Reap on a budget,Siem Reap,6,http://www.tripadvisor.com/Guide-g297390-l354-Siem_Reap_Siem_Reap_Province.html
www.tripadvisor.com,1277023120331177,Vienna off the beaten path,Vienna,5,http://www.tripadvisor.com/Guide-g190454-l70-Vienna.html
www.tripadvisor.com,1198804879779096,Los Angeles off the beaten path,Los Angeles,7,http://www.tripadvisor.com/Guide-g32655-l218-Los_Angeles_California.html
www.tripadvisor.com,1830914059207139,Siem Reap off the beaten path,Siem Reap,6,http://www.tripadvisor.com/Guide-g297390-l355-Siem_Reap_Siem_Reap_Province.html
www.tripadvisor.com,585178728260879,Shanghai off the beaten path,Shanghai,5,http://www.tripadvisor.com/Guide-g308272-l148-Shanghai.html
www.tripadvisor.com,1900345087256687,Toronto off the beaten path,Toronto,6,http://www.tripadvisor.com/Guide-g155019-l174-Toronto_Ontario.html
www.tripadvisor.com,4151827546268620,3 days in Lisbon,Lisbon,12,http://www.tripadvisor.com/Guide-g189158-l431-Lisbon_Estremadura.html
www.tripadvisor.com,1634913439463135,Exotic Cuisines in DC,Washington,7,http://www.tripadvisor.com/Guide-g28970-l562-Washington_DC_District_of_Columbia.html
www.tripadvisor.com,2121639854356076,Washington DC off the beaten path,Washington,6,http://www.tripadvisor.com/Guide-g28970-l260-Washington_DC_District_of_Columbia.html
www.tripadvisor.com,1469306414845098,New York's Incredible Italian Food,New York,7,http://www.tripadvisor.com/Guide-g60763-l535-New_York_City_New_York.html
www.tripadvisor.com,671412467826529,3 days in Washington DC,Washington,11,http://www.tripadvisor.com/Guide-g28970-l257-Washington_DC_District_of_Columbia.html
www.tripadvisor.com,1131236669482008,Ho Chi Minh City off the beaten path,Ho Chi Minh City,4,http://www.tripadvisor.com/Guide-g293925-l408-Ho_Chi_Minh_City.html
www.tripadvisor.com,802868843821304,3 days in New York City,New York,11,http://www.tripadvisor.com/Guide-g60763-l372-New_York_City_New_York.html
www.tripadvisor.com,3548293105775198,Las Vegas off the beaten path,Las Vegas,5,http://www.tripadvisor.com/Guide-g45963-l18-Las_Vegas_Nevada.html
www.tripadvisor.com,3542101092338611,3 days in Los Angeles,Los Angeles,16,http://www.tripadvisor.com/Guide-g32655-l216-Los_Angeles_California.html
www.tripadvisor.com,697228842903538,Venice off the beaten path,Venice,4,http://www.tripadvisor.com/Guide-g187870-l63-Venice_Veneto.html
www.tripadvisor.com,2490401979238504,Melbourne off the beaten path,Melbourne,7,http://www.tripadvisor.com/Guide-g255100-l335-Melbourne_Victoria.html
www.tripadvisor.com,3000610995890111,Mexico City off the beaten path,Mexico City,5,http://www.tripadvisor.com/Guide-g150800-l299-Mexico_City_Central_Mexico_and_Gulf_Coast.html
www.tripadvisor.com,2478884480115019,3 days in Chiang Mai Province,Chiang Mai,9,http://www.tripadvisor.com/Guide-g1308496-l156-Chiang_Mai_Province.html
www.tripadvisor.com,1791556129783172,New Delhi for free,New Delhi,5,http://www.tripadvisor.com/Guide-g304551-l418-New_Delhi_National_Capital_Territory_of_Delhi.html
www.tripadvisor.com,2611747035262453,3 days in Miami,Miami,6,http://www.tripadvisor.com/Guide-g34438-l6-Miami_Florida.html
www.tripadvisor.com,221513553023728,3 days in Mexico City,Mexico City,13,http://www.tripadvisor.com/Guide-g150800-l297-Mexico_City_Central_Mexico_and_Gulf_Coast.html
www.tripadvisor.com,819385304928022,Seattle off the beaten path,Seattle,6,http://www.tripadvisor.com/Guide-g60878-l168-Seattle_Washington.html
www.tripadvisor.com,64450509979099,3 days in Frankfurt,Frankfurt,9,http://www.tripadvisor.com/Guide-g187337-l357-Frankfurt_Hesse.html
www.tripadvisor.com,1941221845045796,Authentic Dutch Food in Amsterdam,Amsterdam,7,http://www.tripadvisor.com/Guide-g188590-l536-Amsterdam_North_Holland_Province.html
www.tripadvisor.com,812130227319887,3 days in Paris,Paris,15,http://www.tripadvisor.com/Guide-g187147-l496-Paris_Ile_de_France.html
www.tripadvisor.com,1763373419947712,3 days in Seoul,Seoul,14,http://www.tripadvisor.com/Guide-g294197-l566-Seoul.html
www.tripadvisor.com,2776335490060341,Taipei for free,Taipei,7,http://www.tripadvisor.com/Guide-g293913-l100-Taipei.html
www.tripadvisor.com,1647312686995517,Tokyo off the beaten path,Tokyo,5,http://www.tripadvisor.com/Guide-g298184-l439-Tokyo_Tokyo_Prefecture_Kanto.html
www.tripadvisor.com,434257099862313,Los Angeles for free,Los Angeles,7,http://www.tripadvisor.com/Guide-g32655-l220-Los_Angeles_California.html
www.tripadvisor.com,1284710782435553,3 days in Ho Chi Minh City,Ho Chi Minh City,10,http://www.tripadvisor.com/Guide-g293925-l406-Ho_Chi_Minh_City.html
www.tripadvisor.com,3521266324715694,3 days in Vancouver,Vancouver,9,http://www.tripadvisor.com/Guide-g154943-l31-Vancouver_British_Columbia.html
www.tripadvisor.com,2011091355893402,3 days in Orlando,Orlando,11,http://www.tripadvisor.com/Guide-g34515-l401-Orlando_Florida.html
www.tripadvisor.com,2968963312704793,Miami off the beaten path,Miami,5,http://www.tripadvisor.com/Guide-g34438-l8-Miami_Florida.html
www.tripadvisor.com,1468774629512773,3 days in Hong Kong,Hong Kong,8,http://www.tripadvisor.com/Guide-g294217-l111-Hong_Kong.html
www.tripadvisor.com,2499331512892366,Istanbul off the beaten path,Istanbul,5,http://www.tripadvisor.com/Guide-g293974-l265-Istanbul.html
www.tripadvisor.com,3772239764655778,Barcelona off the beaten path,Barcelona,5,http://www.tripadvisor.com/Guide-g187497-l55-Barcelona_Catalonia.html
www.tripadvisor.com,4117320939415430,Kuala Lumpur off the beaten path,Kuala Lumpur,6,http://www.tripadvisor.com/Guide-g298570-l138-Kuala_Lumpur_Wilayah_Persekutuan.html
www.tripadvisor.com,518546339996343,3 days in Toronto,Toronto,10,http://www.tripadvisor.com/Guide-g155019-l171-Toronto_Ontario.html
www.tripadvisor.com,2273603648796164,Mumbai (Bombay) off the beaten path,Mumbai,6,http://www.tripadvisor.com/Guide-g304554-l464-Mumbai_Bombay_Maharashtra.html
www.tripadvisor.com,3244046527429381,3 days in Mumbai (Bombay),Mumbai,12,http://www.tripadvisor.com/Guide-g304554-l461-Mumbai_Bombay_Maharashtra.html
www.tripadvisor.com,1048030624166435,Paris off the beaten path,Paris,5,http://www.tripadvisor.com/Guide-g187147-l499-Paris_Ile_de_France.html
www.tripadvisor.com,2185438001363740,3 days in Boston,Boston,16,http://www.tripadvisor.com/Guide-g60745-l161-Boston_Massachusetts.html
www.tripadvisor.com,2113281219440046,3 days in Beijing,Beijing,11,http://www.tripadvisor.com/Guide-g294212-l106-Beijing.html
www.tripadvisor.com,3275126568011627,3 days in Brussels,Brussels,9,http://www.tripadvisor.com/Guide-g188644-l247-Brussels.html
www.tripadvisor.com,1919694675660346,New York City off the beaten path,New York,6,http://www.tripadvisor.com/Guide-g60763-l375-New_York_City_New_York.html
www.tripadvisor.com,3397062211393519,3 days in Venice,Venice,14,http://www.tripadvisor.com/Guide-g187870-l61-Venice_Veneto.html
www.tripadvisor.com,1796324819965470,Authentic Culture in Shanghai,Shanghai,7,http://www.tripadvisor.com/Guide-g308272-l559-Shanghai.html
www.tripadvisor.com,4207260493704589,3 days in Taipei,Taipei,7,http://www.tripadvisor.com/Guide-g293913-l96-Taipei.html
www.tripadvisor.com,2320540624194514,Beijing off the beaten path,Beijing,6,http://www.tripadvisor.com/Guide-g294212-l108-Beijing.html
www.tripadvisor.com,1624893284923542,3 days in Honolulu,Honolulu,13,http://www.tripadvisor.com/Guide-g60982-l441-Honolulu_Oahu_Hawaii.html
www.tripadvisor.com,3626271992126466,3 days in Milan,Milan,10,http://www.tripadvisor.com/Guide-g187849-l327-Milan_Lombardy.html
www.tripadvisor.com,998434881209470,3 days in Shanghai,Shanghai,13,http://www.tripadvisor.com/Guide-g308272-l146-Shanghai.html
www.tripadvisor.com,2826494254600542,Budapest off the beaten path,Budapest,5,http://www.tripadvisor.com/Guide-g274887-l90-Budapest_Central_Hungary.html
www.tripadvisor.com,1041861679098485,Paris' Best Nightlife,Paris,10,http://www.tripadvisor.com/Guide-g187147-l549-Paris_Ile_de_France.html
www.tripadvisor.com,4124417489088439,3 days in New Delhi,New Delhi,10,http://www.tripadvisor.com/Guide-g304551-l416-New_Delhi_National_Capital_Territory_of_Delhi.html
www.tripadvisor.com,2195796009837041,3 days in Istanbul,Istanbul,15,http://www.tripadvisor.com/Guide-g293974-l262-Istanbul.html
www.tripadvisor.com,1862868167800605,Dubai off the beaten path,Dubai,5,http://www.tripadvisor.com/Guide-g295424-l128-Dubai_Emirate_of_Dubai.html
www.tripadvisor.com,2492808723243602,Hong Kong for free,Hong Kong,6,http://www.tripadvisor.com/Guide-g294217-l115-Hong_Kong.html
www.tripadvisor.com,3670340277900119,3 days in Marrakech,Marrakesh,16,http://www.tripadvisor.com/Guide-g293734-l91-Marrakech_Marrakech_Tensift_El_Haouz_Region.html
www.tripadvisor.com,1861021963721746,Vancouver off the beaten path,Vancouver,9,http://www.tripadvisor.com/Guide-g154943-l33-Vancouver_British_Columbia.html
www.tripadvisor.com,3387739771388918,Milan off the beaten path,Milan,6,http://www.tripadvisor.com/Guide-g187849-l329-Milan_Lombardy.html
www.tripadvisor.com,2386249295199842,Munich off the beaten path,Munich,4,http://www.tripadvisor.com/Guide-g187309-l235-Munich_Upper_Bavaria_Bavaria.html
www.tripadvisor.com,264779434070261,3 days in Dublin,Dublin,13,http://www.tripadvisor.com/Guide-g186605-l322-Dublin_County_Dublin.html
www.tripadvisor.com,1625941469392148,3 days in Seattle,Seattle,10,http://www.tripadvisor.com/Guide-g60878-l166-Seattle_Washington.html
www.tripadvisor.com,691048994922102,"Shopping in Madrid, never stops",Madrid,8,http://www.tripadvisor.com/Guide-g187514-l580-Madrid.html
www.tripadvisor.com,2891772438481974,3 days in Sao Paulo,São Paulo,11,http://www.tripadvisor.com/Guide-g303631-l456-Sao_Paulo_State_of_Sao_Paulo.html
www.tripadvisor.com,1060434829715682,3 days in Sydney,Sydney,12,http://www.tripadvisor.com/Guide-g255060-l71-Sydney_New_South_Wales.html
www.tripadvisor.com,1743893744572779,Taipei off the beaten path,Taipei,5,http://www.tripadvisor.com/Guide-g293913-l99-Taipei.html
www.tripadvisor.com,104661441505835,Hanoi off the beaten path,Hanoi,6,http://www.tripadvisor.com/Guide-g293924-l309-Hanoi.html
www.tripadvisor.com,1468149427084840,Chicago off the beaten path,Chicago,7,http://www.tripadvisor.com/Guide-g35805-l3-Chicago_Illinois.html
www.tripadvisor.com,1676271666052899,3 days in Budapest,Budapest,14,http://www.tripadvisor.com/Guide-g274887-l86-Budapest_Central_Hungary.html
www.tripadvisor.com,2169190924493647,Chicago's Incredible Nightlife,Chicago,7,http://www.tripadvisor.com/Guide-g35805-l542-Chicago_Illinois.html
www.tripadvisor.com,1352093140706525,Orlando off the beaten path,Orlando,5,http://www.tripadvisor.com/Guide-g34515-l404-Orlando_Florida.html
www.tripadvisor.com,1287501308312253,"Seattle's Fresh, Wild Seafood",Seattle,10,http://www.tripadvisor.com/Guide-g60878-l557-Seattle_Washington.html
www.tripadvisor.com,4364965989147110,3 days in Dubai,Dubai,7,http://www.tripadvisor.com/Guide-g295424-l126-Dubai_Emirate_of_Dubai.html
www.tripadvisor.com,398913382447771,Sao Paulo off the beaten path,São Paulo,5,http://www.tripadvisor.com/Guide-g303631-l459-Sao_Paulo_State_of_Sao_Paulo.html
www.tripadvisor.com,4198438708110450,3 days in Berlin,Berlin,12,http://www.tripadvisor.com/Guide-g187323-l252-Berlin.html
www.tripadvisor.com,3822402565776495,3 days in St. Petersburg,St Petersburg,9,http://www.tripadvisor.com/Guide-g298507-l411-St_Petersburg_Northwestern_District.html
www.tripadvisor.com,2230633661464986,Marrakech off the beaten path,Marrakesh,5,http://www.tripadvisor.com/Guide-g293734-l93-Marrakech_Marrakech_Tensift_El_Haouz_Region.html
www.tripadvisor.com,3931157191423338,3 days in Kuala Lumpur,Kuala Lumpur,9,http://www.tripadvisor.com/Guide-g298570-l136-Kuala_Lumpur_Wilayah_Persekutuan.html
www.tripadvisor.com,1457245904344558,3 days in Prague,Prague,13,http://www.tripadvisor.com/Guide-g274707-l76-Prague_Bohemia.html
www.tripadvisor.com,1902715363562989,Honolulu off the beaten path,Honolulu,7,http://www.tripadvisor.com/Guide-g60982-l444-Honolulu_Oahu_Hawaii.html
www.tripadvisor.com,253553506550597,3 days in Moscow,Moscow,9,http://www.tripadvisor.com/Guide-g298484-l389-Moscow_Central_Russia.html
www.tripadvisor.com,3881040042721748,3 days in Munich,Munich,13,http://www.tripadvisor.com/Guide-g187309-l232-Munich_Upper_Bavaria_Bavaria.html
www.tripadvisor.com,1261630642482049,Top-Notch Tapas in Barcelona,Barcelona,7,http://www.tripadvisor.com/Guide-g187497-l539-Barcelona_Catalonia.html
www.tripadvisor.com,3888306134021161,Vienna's Best Ethnic Restaurants,Vienna,8,http://www.tripadvisor.com/Guide-g190454-l561-Vienna.html
www.tripadvisor.com,4319096271590092,Rome for free,Rome,5,http://www.tripadvisor.com/Guide-g187791-l294-Rome_Lazio.html
www.tripadvisor.com,252109270792929,Brussels off the beaten path,Brussels,5,http://www.tripadvisor.com/Guide-g188644-l250-Brussels.html
www.tripadvisor.com,1467131829913397,A Secret Slice of South Beach,Miami,7,http://www.tripadvisor.com/Guide-g34438-l546-Miami_Florida.html
www.tripadvisor.com,1813892894872548,3 days in Vienna,Vienna,13,http://www.tripadvisor.com/Guide-g190454-l66-Vienna.html
www.tripadvisor.com,2707557936480172,3 days in San Francisco,San Francisco,12,http://www.tripadvisor.com/Guide-g60713-l287-San_Francisco_California.html
www.tripadvisor.com,127115215243903,3 days in Antalya,Antalya,9,http://www.tripadvisor.com/Guide-g297962-l503-Antalya_Turkish_Mediterranean_Coast.html
www.tripadvisor.com,1460806777526620,Dublin off the beaten path,Dublin,4,http://www.tripadvisor.com/Guide-g186605-l324-Dublin_County_Dublin.html
www.tripadvisor.com,3679742000888717,Istanbul for free,Istanbul,5,http://www.tripadvisor.com/Guide-g293974-l264-Istanbul.html
www.tripadvisor.com,1680513349966219,Sydney off the beaten path,Sydney,5,http://www.tripadvisor.com/Guide-g255060-l73-Sydney_New_South_Wales.html
www.tripadvisor.com,567638469221907,Buenos Aires off the beaten path,Buenos Aires,4,http://www.tripadvisor.com/Guide-g312741-l193-Buenos_Aires_Capital_Federal_District.html
www.tripadvisor.com,2408528231672714,3 days in Barcelona,Barcelona,13,http://www.tripadvisor.com/Guide-g187497-l51-Barcelona_Catalonia.html
www.tripadvisor.com,718653519360591,St. Petersburg off the beaten path,St Petersburg,5,http://www.tripadvisor.com/Guide-g298507-l414-St_Petersburg_Northwestern_District.html
www.tripadvisor.com,793452561302538,Boston's Best Craft Cocktails,Boston,6,http://www.tripadvisor.com/Guide-g60745-l541-Boston_Massachusetts.html
www.tripadvisor.com,4491211302292868,Moscow off the beaten path,Moscow,6,http://www.tripadvisor.com/Guide-g298484-l391-Moscow_Central_Russia.html
www.tripadvisor.com,1025231739088464,3 days in Chicago,Chicago,9,http://www.tripadvisor.com/Guide-g35805-l1-Chicago_Illinois.html
www.tripadvisor.com,160481547867022,3 days in Las Vegas,Las Vegas,11,http://www.tripadvisor.com/Guide-g45963-l16-Las_Vegas_Nevada.html
www.bonappetit.com,1565584600856286,"Where to Eat, Drink, and Sleep in Rome, Italy",Rome,13,http://www.bonappetit.com/restaurants-travel/city-guides/slideshow/eat-drink-rome-italy/
www.bonappetit.com,2095627006848010,Where to Eat and Drink in Chicago's Logan Square Neighborhood,Chicago,7,http://www.bonappetit.com/restaurants-travel/city-guides/slideshow/where-to-eat-and-drink-in-chicagos-logan-square-neighborhood/
www.bonappetit.com,535803018924531,"Where to Eat and Drink in Washington, D.C.",Washington,14,http://www.bonappetit.com/restaurants-travel/city-guides/slideshow/eat-drink-washington-dc/
www.bonappetit.com,1527696232552002,"Where to Eat, Drink, and Shop in New York City",New York,8,http://www.bonappetit.com/restaurants-travel/navigator/slideshow/restaurants-hotels-shops-new-york-city/
www.bonappetit.com,2048021268140741,Where to Eat and Drink Near the Vatican in Rome,Rome,5,http://www.bonappetit.com/restaurants-travel/city-guides/slideshow/where-to-eat-near-the-vatican-rome/
www.bonappetit.com,3315987235831120,"Where to Eat and Drink in Barcelona, Spain",Barcelona,14,http://www.bonappetit.com/restaurants-travel/navigator/slideshow/eat-drink-barcelona/
www.bonappetit.com,2316334947211831,Where to Eat and Drink in Downtown Los Angeles,Los Angeles,10,http://www.bonappetit.com/restaurants-travel/navigator/slideshow/eat-drink-downtown-los-angeles/
www.bonappetit.com,339556570882458,"Where to Eat and Drink in Las Vegas, Nevada",Las Vegas,11,http://www.bonappetit.com/restaurants-travel/navigator/slideshow/eat-drink-las-vegas/
www.bonappetit.com,2175787001371384,"Where to Eat and Drink in Las Vegas, Nevada",Las Vegas,8,http://www.bonappetit.com/restaurants-travel/navigator/slideshow/where-to-eat-and-drink-in-las-vegas-nevada/
